[
  {
    "metric": "auc",
    "value": 0.592593,
    "exp_id": "exp_20260213_131002_6e21e9",
    "model_type": "geomodel_ablation"
  },
  {
    "metric": "pr_auc",
    "value": 0.578968,
    "exp_id": "exp_20260213_131002_6e21e9",
    "model_type": "geomodel_ablation"
  },
  {
    "metric": "f1",
    "value": 0.571429,
    "exp_id": "exp_20260213_131002_6e21e9",
    "model_type": "geomodel_ablation"
  },
  {
    "metric": "brier",
    "value": 0.26963,
    "exp_id": "exp_20260213_131002_6e21e9",
    "model_type": "geomodel_ablation"
  },
  {
    "metric": "mae",
    "value": 0.501301,
    "exp_id": "exp_20260213_131002_6e21e9",
    "model_type": "geomodel_ablation"
  },
  {
    "metric": "rmse",
    "value": 0.51926,
    "exp_id": "exp_20260213_131002_6e21e9",
    "model_type": "geomodel_ablation"
  },
  {
    "metric": "paired_significance_p",
    "value": 0.89972866,
    "exp_id": "exp_20260213_131002_6e21e9",
    "model_type": "geomodel_ablation"
  }
]