{
  "row_count": 120,
  "column_count": 10,
  "missing_ratio": {
    "sample_id": 0,
    "borehole_name": 0,
    "event_time": 0,
    "label": 0,
    "thickness": 0,
    "burial_depth": 0,
    "elastic_modulus": 0,
    "friction_angle": 0,
    "cohesion": 0,
    "tensile_strength": 0
  },
  "numeric_columns": [
    "label",
    "thickness",
    "burial_depth",
    "elastic_modulus",
    "friction_angle",
    "cohesion",
    "tensile_strength"
  ],
  "required_columns": {
    "label_column": "label",
    "has_label_column": true
  }
}