[
  {
    "model_type": "geomodel_ablation",
    "sample_count": 1,
    "values": {
      "auc": [
        0.592593
      ],
      "pr_auc": [
        0.578968
      ],
      "f1": [
        0.571429
      ],
      "brier": [
        0.26963
      ],
      "mae": [
        0.501301
      ],
      "rmse": [
        0.51926
      ],
      "paired_significance_p": [
        0.89972866
      ]
    },
    "metrics": {
      "auc": 0.592593,
      "pr_auc": 0.578968,
      "f1": 0.571429,
      "brier": 0.26963,
      "mae": 0.501301,
      "rmse": 0.51926,
      "paired_significance_p": 0.89972866
    }
  },
  {
    "model_type": "geomodel_aware",
    "sample_count": 1,
    "values": {
      "auc": [
        0.296296
      ],
      "pr_auc": [
        0.344658
      ],
      "f1": [
        0.285714
      ],
      "brier": [
        0.313413
      ],
      "mae": [
        0.544819
      ],
      "rmse": [
        0.559833
      ],
      "paired_significance_p": [
        0.97796255
      ]
    },
    "metrics": {
      "auc": 0.296296,
      "pr_auc": 0.344658,
      "f1": 0.285714,
      "brier": 0.313413,
      "mae": 0.544819,
      "rmse": 0.559833,
      "paired_significance_p": 0.97796255
    }
  }
]