dataset_id,dataset_version,split_id,model_type,seed,exp_id,experiment_name,auc,pr_auc,brier,f1,mae,rmse,paired_significance_p
research_boreholes_28,13d60b4df0dbf296,split_20260222_060239_1fa211,kriging_baseline,43000,exp_20260223_114946_f18b90,stability_research_boreholes_28_kriging_baseline_s43000,1.0,1.0,0.141524,0.666667,0.354653,0.376197,0.40924191
research_boreholes_28,13d60b4df0dbf296,split_20260222_060239_1fa211,kriging_baseline,43001,exp_20260223_114946_b9561e,stability_research_boreholes_28_kriging_baseline_s43001,1.0,1.0,0.138875,0.666667,0.348918,0.372659,0.39615716
research_boreholes_28,13d60b4df0dbf296,split_20260222_060239_1fa211,kriging_baseline,43002,exp_20260223_114947_88ada6,stability_research_boreholes_28_kriging_baseline_s43002,1.0,1.0,0.130071,0.666667,0.33985,0.360653,0.39860436
research_boreholes_28,13d60b4df0dbf296,split_20260222_060239_1fa211,kriging_baseline,43003,exp_20260223_114947_547252,stability_research_boreholes_28_kriging_baseline_s43003,1.0,1.0,0.131905,0.666667,0.33913,0.363187,0.39438354
research_boreholes_28,13d60b4df0dbf296,split_20260222_060239_1fa211,kriging_baseline,43004,exp_20260223_114948_4a8e88,stability_research_boreholes_28_kriging_baseline_s43004,1.0,1.0,0.138485,0.666667,0.353009,0.372136,0.42064279
research_boreholes_28,13d60b4df0dbf296,split_20260222_060239_1fa211,geomodel_aware,43100,exp_20260223_114948_92f958,stability_research_boreholes_28_geomodel_aware_s43100,1.0,1.0,0.18995,1.0,0.43518,0.435832,0.69661117
research_boreholes_28,13d60b4df0dbf296,split_20260222_060239_1fa211,geomodel_aware,43101,exp_20260223_114949_c3aacc,stability_research_boreholes_28_geomodel_aware_s43101,1.0,1.0,0.187434,1.0,0.431017,0.432936,0.68199478
research_boreholes_28,13d60b4df0dbf296,split_20260222_060239_1fa211,geomodel_aware,43102,exp_20260223_114950_ca519c,stability_research_boreholes_28_geomodel_aware_s43102,1.0,1.0,0.193491,1.0,0.438375,0.439876,0.70246546
research_boreholes_28,13d60b4df0dbf296,split_20260222_060239_1fa211,geomodel_aware,43103,exp_20260223_114950_eb6207,stability_research_boreholes_28_geomodel_aware_s43103,1.0,1.0,0.192328,1.0,0.438111,0.438553,0.70897575
research_boreholes_28,13d60b4df0dbf296,split_20260222_060239_1fa211,geomodel_aware,43104,exp_20260223_114951_159165,stability_research_boreholes_28_geomodel_aware_s43104,1.0,1.0,0.185661,1.0,0.429017,0.430884,0.7007397
research_boreholes_28,13d60b4df0dbf296,split_20260222_060239_1fa211,hybrid_augmented,43200,exp_20260223_114951_456149,stability_research_boreholes_28_hybrid_augmented_s43200,1.0,1.0,0.190972,1.0,0.435393,0.437004,0.67884914
research_boreholes_28,13d60b4df0dbf296,split_20260222_060239_1fa211,hybrid_augmented,43201,exp_20260223_114952_dc9570,stability_research_boreholes_28_hybrid_augmented_s43201,1.0,1.0,0.191281,1.0,0.435753,0.437356,0.64691753
research_boreholes_28,13d60b4df0dbf296,split_20260222_060239_1fa211,hybrid_augmented,43202,exp_20260223_114952_98f586,stability_research_boreholes_28_hybrid_augmented_s43202,1.0,1.0,0.186361,1.0,0.430522,0.431695,0.69552692
research_boreholes_28,13d60b4df0dbf296,split_20260222_060239_1fa211,hybrid_augmented,43203,exp_20260223_114953_3fc1e6,stability_research_boreholes_28_hybrid_augmented_s43203,1.0,1.0,0.176758,1.0,0.419411,0.420426,0.6654501
research_boreholes_28,13d60b4df0dbf296,split_20260222_060239_1fa211,hybrid_augmented,43204,exp_20260223_114953_a62c55,stability_research_boreholes_28_hybrid_augmented_s43204,1.0,1.0,0.171904,1.0,0.412393,0.414613,0.65305894
research_boreholes_28,13d60b4df0dbf296,split_20260222_060239_1fa211,geomodel_ablation,43300,exp_20260223_114954_95f7ae,stability_research_boreholes_28_geomodel_ablation_s43300,1.0,1.0,0.176129,1.0,0.417802,0.419677,0.66195787
research_boreholes_28,13d60b4df0dbf296,split_20260222_060239_1fa211,geomodel_ablation,43301,exp_20260223_114954_be9714,stability_research_boreholes_28_geomodel_ablation_s43301,1.0,1.0,0.190144,0.8,0.433912,0.436055,0.67641426
research_boreholes_28,13d60b4df0dbf296,split_20260222_060239_1fa211,geomodel_ablation,43302,exp_20260223_114955_bcaa75,stability_research_boreholes_28_geomodel_ablation_s43302,1.0,1.0,0.194668,0.8,0.439551,0.441212,0.69331557
research_boreholes_28,13d60b4df0dbf296,split_20260222_060239_1fa211,geomodel_ablation,43303,exp_20260223_114955_8cf1f9,stability_research_boreholes_28_geomodel_ablation_s43303,1.0,1.0,0.180815,1.0,0.423823,0.425224,0.69016426
research_boreholes_28,13d60b4df0dbf296,split_20260222_060239_1fa211,geomodel_ablation,43304,exp_20260223_114956_9347e1,stability_research_boreholes_28_geomodel_ablation_s43304,1.0,1.0,0.175544,1.0,0.417454,0.41898,0.67607825
research_boreholes_28,13d60b4df0dbf296,split_20260222_060239_1fa211,pinchout_no_zoning,43400,exp_20260223_114956_fd5408,stability_research_boreholes_28_pinchout_no_zoning_s43400,0.75,0.833333,0.190968,0.666667,0.429169,0.436999,0.85485334
research_boreholes_28,13d60b4df0dbf296,split_20260222_060239_1fa211,pinchout_no_zoning,43401,exp_20260223_114957_be0e40,stability_research_boreholes_28_pinchout_no_zoning_s43401,1.0,1.0,0.193578,0.666667,0.433341,0.439975,0.8580754
research_boreholes_28,13d60b4df0dbf296,split_20260222_060239_1fa211,pinchout_no_zoning,43402,exp_20260223_114957_0bfea7,stability_research_boreholes_28_pinchout_no_zoning_s43402,1.0,1.0,0.191112,0.666667,0.431249,0.437164,0.86014088
research_boreholes_28,13d60b4df0dbf296,split_20260222_060239_1fa211,pinchout_no_zoning,43403,exp_20260223_114958_e8a9c1,stability_research_boreholes_28_pinchout_no_zoning_s43403,1.0,1.0,0.189362,0.666667,0.428322,0.435158,0.856867
research_boreholes_28,13d60b4df0dbf296,split_20260222_060239_1fa211,pinchout_no_zoning,43404,exp_20260223_114958_0ad0ed,stability_research_boreholes_28_pinchout_no_zoning_s43404,0.75,0.833333,0.195715,0.666667,0.432188,0.442397,0.84642386
research_boreholes_36,ae5f476a1eb0d25c,split_20260222_134800_0efe6a,kriging_baseline,44000,exp_20260223_114959_a44c96,stability_research_boreholes_36_kriging_baseline_s44000,0.666667,0.638889,0.236916,0.4,0.472987,0.48674,0.0430505
research_boreholes_36,ae5f476a1eb0d25c,split_20260222_134800_0efe6a,kriging_baseline,44001,exp_20260223_115000_db9d10,stability_research_boreholes_36_kriging_baseline_s44001,0.666667,0.638889,0.22837,0.4,0.466272,0.477881,0.04800996
research_boreholes_36,ae5f476a1eb0d25c,split_20260222_134800_0efe6a,kriging_baseline,44002,exp_20260223_115000_7a5b53,stability_research_boreholes_36_kriging_baseline_s44002,0.666667,0.638889,0.237515,0.4,0.47782,0.487355,0.04812243
research_boreholes_36,ae5f476a1eb0d25c,split_20260222_134800_0efe6a,kriging_baseline,44003,exp_20260223_115001_dafb03,stability_research_boreholes_36_kriging_baseline_s44003,0.666667,0.638889,0.246239,0.0,0.486155,0.496225,0.04942434
research_boreholes_36,ae5f476a1eb0d25c,split_20260222_134800_0efe6a,kriging_baseline,44004,exp_20260223_115001_30f545,stability_research_boreholes_36_kriging_baseline_s44004,0.555556,0.588889,0.253879,0.0,0.490431,0.503864,0.0452681
research_boreholes_36,ae5f476a1eb0d25c,split_20260222_134800_0efe6a,geomodel_aware,44100,exp_20260223_115002_f5812c,stability_research_boreholes_36_geomodel_aware_s44100,1.0,1.0,0.195226,1.0,0.441481,0.441844,0.11835386
research_boreholes_36,ae5f476a1eb0d25c,split_20260222_134800_0efe6a,geomodel_aware,44101,exp_20260223_115002_159467,stability_research_boreholes_36_geomodel_aware_s44101,1.0,1.0,0.207543,1.0,0.454447,0.455569,0.12728517
research_boreholes_36,ae5f476a1eb0d25c,split_20260222_134800_0efe6a,geomodel_aware,44102,exp_20260223_115003_a8cb20,stability_research_boreholes_36_geomodel_aware_s44102,1.0,1.0,0.197263,0.8,0.44224,0.444143,0.11128129
research_boreholes_36,ae5f476a1eb0d25c,split_20260222_134800_0efe6a,geomodel_aware,44103,exp_20260223_115004_7db58e,stability_research_boreholes_36_geomodel_aware_s44103,1.0,1.0,0.202892,0.8,0.449216,0.450435,0.11706995
research_boreholes_36,ae5f476a1eb0d25c,split_20260222_134800_0efe6a,geomodel_aware,44104,exp_20260223_115004_4dd64f,stability_research_boreholes_36_geomodel_aware_s44104,1.0,1.0,0.203079,0.8,0.448001,0.450643,0.10629809
research_boreholes_36,ae5f476a1eb0d25c,split_20260222_134800_0efe6a,hybrid_augmented,44200,exp_20260223_115005_bd7f31,stability_research_boreholes_36_hybrid_augmented_s44200,1.0,1.0,0.190254,0.857143,0.433312,0.436181,0.10515153
research_boreholes_36,ae5f476a1eb0d25c,split_20260222_134800_0efe6a,hybrid_augmented,44201,exp_20260223_115005_8b3c80,stability_research_boreholes_36_hybrid_augmented_s44201,0.888889,0.916667,0.205813,0.8,0.451278,0.453666,0.09612415
research_boreholes_36,ae5f476a1eb0d25c,split_20260222_134800_0efe6a,hybrid_augmented,44202,exp_20260223_115006_d7ca07,stability_research_boreholes_36_hybrid_augmented_s44202,1.0,1.0,0.191082,1.0,0.435915,0.43713,0.10407644
research_boreholes_36,ae5f476a1eb0d25c,split_20260222_134800_0efe6a,hybrid_augmented,44203,exp_20260223_115006_289b53,stability_research_boreholes_36_hybrid_augmented_s44203,1.0,1.0,0.19623,1.0,0.440658,0.442979,0.09496229
research_boreholes_36,ae5f476a1eb0d25c,split_20260222_134800_0efe6a,hybrid_augmented,44204,exp_20260223_115007_201139,stability_research_boreholes_36_hybrid_augmented_s44204,0.888889,0.916667,0.209291,0.666667,0.454858,0.457484,0.10060651
research_boreholes_36,ae5f476a1eb0d25c,split_20260222_134800_0efe6a,geomodel_ablation,44300,exp_20260223_115007_ee8f8a,stability_research_boreholes_36_geomodel_ablation_s44300,1.0,1.0,0.206182,0.857143,0.452468,0.454073,0.1147914
research_boreholes_36,ae5f476a1eb0d25c,split_20260222_134800_0efe6a,geomodel_ablation,44301,exp_20260223_115008_37b7a6,stability_research_boreholes_36_geomodel_ablation_s44301,0.888889,0.916667,0.211477,0.8,0.458044,0.459867,0.098129
research_boreholes_36,ae5f476a1eb0d25c,split_20260222_134800_0efe6a,geomodel_ablation,44302,exp_20260223_115008_153059,stability_research_boreholes_36_geomodel_ablation_s44302,0.888889,0.916667,0.203649,0.857143,0.449584,0.451275,0.1029254
research_boreholes_36,ae5f476a1eb0d25c,split_20260222_134800_0efe6a,geomodel_ablation,44303,exp_20260223_115009_beb123,stability_research_boreholes_36_geomodel_ablation_s44303,1.0,1.0,0.202572,0.8,0.44836,0.45008,0.1052333
research_boreholes_36,ae5f476a1eb0d25c,split_20260222_134800_0efe6a,geomodel_ablation,44304,exp_20260223_115010_06844f,stability_research_boreholes_36_geomodel_ablation_s44304,0.888889,0.916667,0.202662,0.8,0.448165,0.45018,0.10652578
research_boreholes_36,ae5f476a1eb0d25c,split_20260222_134800_0efe6a,pinchout_no_zoning,44400,exp_20260223_115010_e226a8,stability_research_boreholes_36_pinchout_no_zoning_s44400,0.444444,0.533333,0.260786,0.0,0.506286,0.510673,0.38916139
research_boreholes_36,ae5f476a1eb0d25c,split_20260222_134800_0efe6a,pinchout_no_zoning,44401,exp_20260223_115011_aa7039,stability_research_boreholes_36_pinchout_no_zoning_s44401,0.333333,0.477778,0.298756,0.0,0.539576,0.546586,0.39456061
research_boreholes_36,ae5f476a1eb0d25c,split_20260222_134800_0efe6a,pinchout_no_zoning,44402,exp_20260223_115011_4cdb80,stability_research_boreholes_36_pinchout_no_zoning_s44402,0.444444,0.533333,0.26315,0.4,0.507314,0.512982,0.38923009
research_boreholes_36,ae5f476a1eb0d25c,split_20260222_134800_0efe6a,pinchout_no_zoning,44403,exp_20260223_115012_483ce4,stability_research_boreholes_36_pinchout_no_zoning_s44403,0.333333,0.477778,0.275054,0.0,0.518039,0.524456,0.3686453
research_boreholes_36,ae5f476a1eb0d25c,split_20260222_134800_0efe6a,pinchout_no_zoning,44404,exp_20260223_115012_686068,stability_research_boreholes_36_pinchout_no_zoning_s44404,0.333333,0.477778,0.291895,0.0,0.533952,0.540273,0.39062073
